{
  "eye_open": 0.06757139501168175,
  "brow_dist": 0.21117053232958827
}